Rank,Name,Type
S Rank,Dimension Breaker,S-Rank Valkyrie
S Rank,Celesital Hymn,S-Rank Valkyrie
S Rank,Shadow Knight,S-Rank Valkyrie
S Rank,Blood Rose,S-Rank Valkyrie
S Rank,Voilet Executer,S-Rank Valkyrie
S Rank,Black Nucleus,S-Rank Valkyrie
S Rank,Argent Knight: Artemis,S-Rank Valkyrie
S Rank,Sixth Serenade,S-Rank Valkyrie
S Rank,Pheonix,S-Rank Valkyrie
S Rank,Goushinnso Memento,S-Rank Valkyrie
S Rank,Vermilion Knight: Eclipse,S-Rank Valkyrie
S Rank,Azure Empyrea,S-Rank Valkyrie
S Rank,Stygian Nymph,S-Rank Valkyrie
S Rank,Herrscher of Thunder,S-Rank Valkyrie
S Rank,Bright Knight: Excelsis,S-Rank Valkyrie
S Rank,Herrscher of Reason,S-Rank Valkyrie
S Rank,Lightning Empress,S-Rank Valkyrie
S Rank,Molotov Cherry,S-Rank Valkyrie
S Rank,Herrscher of the Void,S-Rank Valkyrie
S Rank,Knight Moonbeam,S-Rank Valkyrie
A Rank,Valkyrie Accipiter,A-Rank Valkyrie
A Rank,Night Squire,A-Rank Valkyrie
A Rank,Luna Kindred,A-Rank Valkyrie
A Rank,Blueberry Blitz,A-Rank Valkyrie
A Rank,Valkyrie Pledge,A-Rank Valkyrie
A Rank,Sakuno Rondo,A-Rank Valkyrie
A Rank,Gyakushinn Miko,A-Rank Valkyrie
A Rank,Flame Sakitama,A-Rank Valkyrie
A Rank,Wolf's Dawn,A-Rank Valkyrie
A Rank,Valkyrie Gloria,A-Rank Valkyrie
A Rank,Ritual Imayoh,A-Rank Valkyrie
A Rank,Sudenjager,A-Rank Valkyrie
A Rank,Valkyrie Bladestrike,A-Rank Valkyrie
A Rank,Yamabuki Armor,A-Rank Valkyrie
A Rank,Snowy Sniper,A-Rank Valkyrie
A Rank,Valkyrie Ranger,A-Rank Valkyrie
A Rank,Divine Prayer,A-Rank Valkyrie
A Rank,Shadow Dash,A-Rank Valkyrie
A Rank,Scarlet Fusion,A-Rank Valkyrie
A Rank,Valkyrie Triumph,A-Rank Valkyrie
A Rank,Kreigsmesser,A-Rank Valkyrie
A Rank,Phantom Iron,A-Rank Valkyrie
A Rank,Umbral Rose,A-Rank Valkyrie
A Rank,Swallowtail Phantasm,A-Rank Valkyrie
B Rank,Valkyrie Chariot,B-Rank Valkyrie
B Rank,Battle Storm,B-Rank Valkyrie
B Rank,White Comet,B-Rank Valkyrie
B Rank,Crimson Impulse,B-Rank Valkyrie
